id,cliente_id,libro_id,cantidad,precio_unitario,fecha_pedido,estado
1,1,9,1,2000.00,2025-06-01,entregado
2,3,1,2,1850.00,2025-06-02,entregado
3,5,3,1,1400.00,2025-06-03,entregado
4,2,7,1,1600.00,2025-06-04,entregado
5,8,4,3,1200.00,2025-06-05,entregado
6,11,9,2,2000.00,2025-06-06,enviado
7,4,2,1,1650.00,2025-06-07,enviado
8,16,5,1,1750.00,2025-06-08,enviado
9,7,10,4,1100.00,2025-06-09,pendiente
10,13,6,2,1550.00,2025-06-10,pendiente
11,19,1,1,1850.00,2025-06-11,entregado
12,6,8,1,1800.00,2025-06-12,entregado
13,10,3,2,1400.00,2025-06-13,entregado
14,14,9,1,2000.00,2025-06-14,enviado
15,20,4,1,1200.00,2025-06-15,pendiente
16,1,5,2,1750.00,2025-06-16,entregado
17,17,7,1,1600.00,2025-06-17,entregado
18,9,2,3,1650.00,2025-06-18,enviado
19,12,1,1,1850.00,2025-06-19,pendiente
20,15,6,2,1550.00,2025-06-20,pendiente
21,18,9,1,2000.00,2025-06-21,entregado
22,3,10,5,1100.00,2025-06-22,entregado
23,5,3,1,1400.00,2025-06-23,enviado
24,8,8,2,1800.00,2025-06-24,pendiente
25,11,4,1,1200.00,2025-06-25,entregado
26,16,7,3,1600.00,2025-06-26,entregado
27,2,5,1,1750.00,2025-06-27,enviado
28,19,2,2,1650.00,2025-06-28,entregado
29,4,9,1,2000.00,2025-06-29,pendiente
30,6,1,1,1850.00,2025-06-30,entregado
